timestamp,capture_ms,inference_ms,recognize_ms,emulate_ms,total_ms,fps
173283.5334267,52.1772000065539,9.217500017257407,0.02519998815841973,0.0,61.41990001196973,2339.1811515571503
173283.6435394,0.08820000221021473,5.633499997202307,0.01610000617802143,0.0,5.737800005590543,18.092965274869115
173283.6512841,14.076899999054149,5.532900016987696,0.015600002370774746,0.0,19.62540001841262,25.36249343673745
173283.6739609,23.49069999763742,6.089000002248213,0.011199997970834374,0.0,29.590899997856468,28.37650226922943
173283.7058575,39.77079998003319,5.907699989620596,0.011600001016631722,0.0,45.69009997067042,28.92542620041277
173283.7540269,23.358500009635463,5.942399991909042,0.012100004823878407,0.0,29.313000006368384,27.145918814989393
173283.7855737,40.04459999850951,7.099499984178692,0.011199997970834374,0.0,47.15529998065904,27.714595097838302
173283.8351695,22.44629999040626,7.819099992047995,0.010899995686486363,0.0,30.27629997814074,26.475136701642857
173283.8679816,37.93180000502616,8.4731999959331,0.011500000255182385,0.0,46.416500001214445,26.867083165891284
173283.9165248,21.022999979322776,7.287499989615753,0.010899995686486363,0.0,28.321399964625016,26.07387876993771
173283.946746,39.00879999855533,8.449099987046793,0.12169999536126852,0.0,47.579599980963394,26.58630834048347
173283.996773,20.633500011172146,6.043999979738146,0.011500000255182385,0.0,26.688999991165474,25.874682873309496
173284.0254573,39.925599994603544,5.956500011961907,0.013199984095990658,0.0,45.89529999066144,26.398184940784198
173284.0738138,23.601199995027855,5.902300006709993,0.012200005585327744,0.0,29.515700007323176,25.886875094893053
173284.1055902,39.817499986384064,5.819300014991313,0.012200005585327744,0.0,45.649000006960705,26.196709343845814
173284.1534191,23.96499997121282,5.821400001877919,0.011600001016631722,0.0,29.79799997410737,25.788985813438853
173284.1855233,39.87129998859018,5.758000013884157,0.008800008799880743,0.0,45.63810001127422,26.05267759437464
173284.2335775,23.77669999259524,5.7656999852042645,0.00799997360445559,0.0,29.55039995140396,25.693059575889272
173284.2650952,40.27999998652376,6.462199991801754,0.01270000939257443,0.0,46.75489998771809,25.952880495782725
173284.3137587,23.647199996048585,5.72790001751855,0.010199990356341004,0.0,29.385300003923476,25.616082800786756
173284.3452872,40.08440001052804,5.781799991382286,0.013900018529966474,0.0,45.880100020440295,25.852899463734783
173284.3930571,24.334299989277497,5.9791999810840935,0.0109999964479357,0.0,30.324499966809526,25.57967318188965
173284.4258619,39.52739998931065,5.927699996391311,0.01200000406242907,0.0,45.46709998976439,25.759839670376742
173284.4731444,24.25230000517331,5.710299999918789,0.011400028597563505,0.0,29.974000033689663,25.527971636667147
173284.5053037,40.09100000257604,5.797099991468713,0.013199984095990658,0.0,45.90129997814074,25.712109735192776
173284.5532422,24.15159999509342,5.605400016065687,0.011299998732283711,0.0,29.76830000989139,25.484124860292468
173284.5848831,40.491499996278435,5.7560999994166195,0.008200004231184721,0.0,46.25579999992624,25.66823201651347
173284.6329628,24.429100012639537,5.612599983578548,0.008200004231184721,0.0,30.04990000044927,25.455387796013202
173284.6647401,40.63480001059361,5.560099991271272,0.008499977411702275,0.0,46.20339997927658,25.62423961131592
173284.7140834,23.308300005737692,5.416300002252683,0.009400013368576765,0.0,28.734000021358952,25.400390590009135
173284.7456207,39.768500020727515,5.440000008093193,0.007800001185387373,0.0,45.216300030006096,24.748513851897332
173284.7924882,24.897400027839467,5.413300008513033,0.009199982741847634,0.0,30.319900019094348,26.11082408494878
173284.82488,40.621899999678135,5.397299973992631,0.011299998732283711,0.0,46.03049997240305,25.562461491063132
173284.8732476,24.134300008881837,5.88789998437278,0.012100004823878407,0.0,30.034299998078495,25.014869255334606
173284.9050204,40.36079999059439,5.430999997770414,0.011600001016631722,0.0,45.80339998938143,25.01745175715293
173284.9530601,24.32369999587536,9.67629998922348,0.012399978004395962,0.0,34.012399963103235,25.020157906944753
173284.9894442,35.94250002061017,5.596699978923425,0.011299998732283711,0.0,41.55049999826588,24.919623829943635
173285.0333153,24.078500020550564,5.945000011706725,0.008000002708286047,0.0,30.031500034965575,25.03868894736729
173285.0652863,40.10240000206977,5.458800005726516,0.008500006515532732,0.0,45.56970001431182,25.056278489374662
173285.1131151,24.26570001989603,9.951299987733364,0.009799987310543656,0.0,34.22679999493994,25.071237833451445
173285.149489,35.87760002119467,5.388999998103827,0.007599999662488699,0.0,41.27420001896098,24.942984494575256
173285.1927638,24.634899978991598,9.977800014894456,0.00899998121894896,0.0,34.621699975105,25.083804992196047
173285.2296457,35.769500012975186,5.430199991678819,0.009000010322779417,0.0,41.208700014976785,24.913045168485212
173285.2728829,24.51149999978952,5.458600004203618,0.008000002708286047,0.0,29.978100006701425,25.0194088064746
173285.3048081,40.81619999487884,5.488200025865808,0.008100003469735384,0.0,46.31250002421439,25.01630437651232
173285.3534999,23.874199978308752,5.557299999054521,0.011600001016631722,0.0,29.443099978379905,24.998316780282433
173285.3851909,40.23029998643324,5.630800005747005,0.011500000255182385,0.0,45.872599992435426,25.006926918493495
173285.4337282,23.716499999864027,6.089900009101257,0.011800002539530396,0.0,29.818200011504814,24.996860811000793
173285.4653812,40.010099997743964,5.496400000993162,0.008200004231184721,0.0,45.51470000296831,24.994043086866363
173285.5129286,24.4527000177186,5.37379999877885,0.008600007276982069,0.0,29.83510002377443,25.017305721706695
173285.5451816,40.19099997822195,5.267800006549805,0.00799997360445559,0.0,45.466799958376214,25.00220019375551
173285.5923089,25.090399984037504,5.238200013991445,0.008400005754083395,0.0,30.337000003783032,25.015597225084047
173285.6252596,40.128699998604134,9.704800002509728,0.010099989594891667,0.0,49.84359999070875,25.012554217947663
173285.6781849,19.201899995096028,10.20230000722222,0.014100020052865148,0.0,29.418300022371113,24.895428825742286
173285.710264,35.11659998912364,5.618499999400228,0.013499986380338669,0.0,40.74859997490421,24.897085820897576
173285.7534458,23.952399991685525,10.405800014268607,0.01379998866468668,0.0,34.37199999461882,24.995759053081763
173285.7899495,35.4417999915313,5.469800002174452,0.011199997970834374,0.0,40.922799991676584,24.89489375859206
173285.8332251,24.182099994504824,5.647499987389892,0.011500000255182385,0.0,29.8410999821499,24.994536610856674
173285.8649944,40.393600007519126,5.297499999869615,0.01170000177808106,0.0,45.70280000916682,24.994703205852897
173285.9131426,24.250000016763806,5.777499987743795,0.012600008631125093,0.0,30.040100013138726,25.019615378300873
173285.9456313,39.73390001920052,3.979199973400682,0.009300012607127428,0.0,43.72240000520833,24.99977916851227
173285.9911101,26.29270000034012,2.6854000170715153,0.001200009137392044,0.0,28.979300026549026,25.028743426190488
173286.0222318,43.13700000056997,2.290799980983138,0.0012999807950109243,0.0,45.42909996234812,25.055292855726247
173286.0697151,27.674299984937534,2.2726000170223415,0.00100000761449337,0.0,29.94790000957437,25.073811031110353
173286.1020034,43.382000003475696,2.377199998591095,0.001100008375942707,0.0,45.760300010442734,25.06301259078781
173286.1495246,27.911000011954457,3.954199986765161,0.0013999815564602613,0.0,31.866599980276078,25.07387390073676
173286.1838943,41.484099987428635,3.8537999789696187,0.007299997378140688,0.0,45.345199963776395,25.11616014805605
173286.2315671,25.83790000062436,5.48789999447763,0.012800010154023767,0.0,31.338600005256012,25.036473969819294
173286.2647131,40.67630000645295,5.656399996951222,0.013800017768517137,0.0,46.34650002117269,25.011947373266242
173286.3134002,24.002499994821846,5.848700006026775,0.011299998732283711,0.0,29.862499999580905,24.99406182748277
173286.3450999,40.28019998804666,5.416900006821379,0.011600001016631722,0.0,45.70869999588467,25.09177525894767
173286.3926816,24.736199993640184,5.8080000162590295,0.011099997209385037,0.0,30.5553000071086,25.001712617378658
173286.4252011,40.27149998000823,6.624999979976565,0.019800005247816443,0.0,46.91629996523261,25.092940067518438
173286.4740734,23.31010001944378,5.9501000214368105,0.011500000255182385,0.0,29.271700041135773,24.975222498090343
173286.5059205,39.53049998381175,5.735999991884455,0.01300001167692244,0.0,45.27949998737313,24.976846463062547
173286.5531565,24.249900016002357,6.076800025766715,0.011299998732283711,0.0,30.338000040501356,25.007156214199675
173286.5856777,39.71579999779351,5.46409998787567,0.013600016245618463,0.0,45.1935000019148,24.989862445945064
173286.6328621,24.55289999488741,5.812899995362386,0.011199997970834374,0.0,30.376999988220632,25.01805678260388
173286.6654869,39.88940000999719,5.4390000004787,0.009099981980398297,0.0,45.33749999245629,24.997798110583382
173286.7128257,24.557099997764453,5.528399982722476,0.012400007108226418,0.0,30.097899987595156,25.00214393355241
173286.7450047,40.372999996179715,5.304399994201958,0.011299998732283711,0.0,45.68869998911396,25.003685959967466
173286.7924641,24.926999991293997,5.7403999962843955,0.009100011084228754,0.0,30.67649999866262,24.996767084787166
173286.8254131,39.95890001533553,5.4610999941360205,0.009800016414374113,0.0,45.429800025885925,24.996802492008086
173286.8728296,24.583699996583164,5.347800004528835,0.011099997209385037,0.0,29.942599998321384,25.11206888524579
173286.9045445,40.85099999792874,9.551499999361113,0.013599987141788006,0.0,50.41609998443164,25.11972689833175
173286.9573855,20.00029999180697,5.986500007566065,0.011299998732283711,0.0,25.998099998105317,24.918191500695645
173286.9852606,40.11600001831539,5.65669999923557,0.01170000177808106,0.0,45.78440001932904,25.09806861181792
173287.0328391,24.573100003181025,9.860199992544949,0.013699987903237343,0.0,34.44699998362921,25.008044254593045
173287.0694315,35.96639999886975,5.5711000168230385,0.01300001167692244,0.0,41.55050002736971,24.907900960968917
173287.1136887,23.73069999157451,5.943600001046434,0.012100004823878407,0.0,29.686399997444823,24.98862809227038
173287.1453384,40.05319997668266,6.495899986475706,0.00890000956133008,0.0,46.5579999727197,25.006103573254546
173287.1942333,23.149099986767396,5.36039998405613,0.011299998732283711,0.0,28.52079996955581,24.93510224085261
173287.2247984,40.63050000695512,5.669099977239966,0.013699987903237343,0.0,46.31329997209832,24.946643287235112
173287.2728655,24.53070000046864,5.90269998065196,0.012200005585327744,0.0,30.44559998670593,24.93453852447009
173287.3058001,39.60789999109693,10.03929998842068,0.012800010154023767,0.0,49.65999998967163,24.92115155340588
173287.3578744,19.535700004780665,5.900599993765354,0.011600001016631722,0.0,25.44789999956265,24.82724787145093
173287.3850359,40.386500011663884,9.701200004201382,0.012199976481497288,0.0,50.099899992346764,24.976239270992288
173287.437279,20.11599999968894,10.699799982830882,0.011300027836114168,0.0,30.827100010355935,24.881565820270477
173287.4704423,34.935600007884204,8.921999979065731,0.012299977242946625,0.0,43.86989996419288,24.881208815774258
173287.5164274,21.131199988303706,10.819399991305545,0.010799994925037026,0.0,31.961399974534288,24.937092028925612
173287.5511289,34.33629998471588,10.127500019734725,0.01300001167692244,0.0,44.47680001612753,24.875023735050945
173287.5976324,19.740399991860613,10.141300008399412,0.007499998901039362,0.0,29.889199999161065,24.897282113283207
173287.6296235,37.00189999653958,10.854799998924136,0.007099995855242014,0.0,47.863799991318956,24.908204962316354
173287.6792978,18.41789999161847,9.850800008280203,0.008599978173151612,0.0,28.277299978071824,24.891630139419878
173287.7099064,35.89309999370016,11.34470000397414,0.008600007276982069,0.0,47.24640000495128,24.91723532628305
173287.7597204,17.833399993833154,10.6571999785956,0.006999995093792677,0.0,28.497599967522547,24.86399601396832
173287.7899147,36.12020000582561,9.960199997294694,0.006699992809444666,0.0,46.08709999592975,24.91203973972506
173287.8380167,19.32170000509359,8.791100000962615,0.008400005754083395,0.0,28.121200011810288,24.89307181003498
173287.8685751,36.812599981203675,8.932400000048801,0.006900023436173797,0.0,45.75190000468865,24.93582764732467
173287.9163086,21.117900003446266,9.194599988404661,0.010700023267418146,0.0,30.323200015118346,24.92764957463256
173287.9490003,36.39240001211874,9.186999988742173,0.011199997970834374,0.0,45.59059999883175,24.917034580659468
173287.9969925,20.46369999879971,13.075900002149865,0.012300006346777081,0.0,33.551900007296354,24.906013008803793
173288.0329731,32.43730001850054,10.183400008827448,0.010800024028867483,0.0,42.63150005135685,24.843486038357273
173288.0775357,19.942800019634888,11.290200025541708,0.0109999964479357,0.0,31.24400004162453,24.90233925124295
173288.1104371,35.77930000028573,11.208799987798557,0.011399999493733048,0.0,46.99949998757802,24.87783737949206
173288.1595896,17.929499997990206,11.58009999198839,0.00899998121894896,0.0,29.518599971197546,24.954165436596146
173288.191715,34.9475999828428,12.94320001034066,0.011100026313215494,0.0,47.90190001949668,24.866252715348256
173288.242462,15.19239999470301,12.019299989333376,0.007599999662488699,0.0,27.219299983698875,24.801117769808855
173288.2721691,33.602100011194125,10.571699996944517,0.008200004231184721,0.0,44.182000012369826,24.94309648216923
173288.3187925,18.72609998099506,10.215000016614795,0.011100026313215494,0.0,28.95220002392307,24.89412115328176
173288.349803,36.41240001888946,11.92699998500757,0.009199982741847634,0.0,48.348599986638874,24.90733227060001
173288.4007525,16.840399999637157,10.395099991001189,0.009400013368576765,0.0,27.244900004006922,24.864917193176307
173288.43049,35.045299999183044,11.945399979595095,0.00790000194683671,0.0,46.998599980724975,24.881984746645564
173288.4793419,18.265499995322898,11.198799998965114,0.00790000194683671,0.0,29.47219999623485,24.86579928137882
173288.5109421,35.34790000412613,12.35360000282526,0.013499986380338669,0.0,47.71499999333173,24.893332072244466
173288.5611495,16.256800008704886,15.056700009154156,0.01300001167692244,0.0,31.326500029535964,24.931954463720725
173288.5950035,30.41879998636432,10.545400000410154,0.010399991879239678,0.0,40.974599978653714,24.79405233646303
173288.6377021,19.802800001343712,12.826100020902231,0.015700003132224083,0.0,32.64460002537817,24.991188523387972
173288.6722522,33.20559998974204,10.20079999580048,0.011199997970834374,0.0,43.417599983513355,24.96235053484955
173288.7180912,19.26239999011159,11.628300009761006,0.011800002539530396,0.0,30.902500002412125,24.965385493193324
173288.7507781,34.92979999282397,11.886199994478375,0.010899995686486363,0.0,46.826899982988834,25.00731047065837
173288.8002269,33.136599988210946,11.297999997623265,0.009199982741847634,0.0,44.44379996857606,24.946064529524897
173288.8467363,18.62690001144074,11.438400018960238,0.012999982573091984,0.0,30.07830001297407,24.648496014115818
173288.8785116,34.92609999375418,11.21719999355264,0.049700000090524554,0.0,46.19299998739734,25.016389904965102
173288.9268825,18.497499986551702,11.635200004093349,0.010599993402138352,0.0,30.14329998404719,24.651264720875133
173288.9589083,34.72460000193678,11.278899997705594,0.009300012607127428,0.0,46.0128000122495,25.01693020756126
173289.0069285,18.683400005102158,11.003599996911362,0.01200000406242907,0.0,29.69900000607595,24.650501087313977
173289.0387631,34.63430001283996,11.131600011140108,0.012500007869675756,0.0,45.77840003184974,24.98445966628019
173289.0870305,18.32579998881556,11.95799998822622,0.013200013199821115,0.0,30.296999990241602,24.621336160564454
173289.1198431,33.97200000472367,11.171100020874292,0.011299998732283711,0.0,45.15440002433024,24.926580833287012
173289.1677035,17.690900014713407,12.069400021573529,0.008399976650252938,0.0,29.768700012937188,24.61632988259576
173289.199614,34.775600011926144,12.871699989773333,0.011199997970834374,0.0,47.65849999967031,24.94550446653849
173289.2495185,16.0559999931138,11.15189999109134,0.008500006515532732,0.0,27.216399990720674,24.659992138272923
173289.279114,34.89479998825118,11.865600012242794,0.01379998866468668,0.0,46.77419998915866,24.967161940056222
173289.328025,17.633700015721843,13.033199997153133,0.012499978765845299,0.0,30.67939999164082,24.638878228036358
173289.3613548,32.21430000849068,11.290199996437877,0.007700000423938036,0.0,43.5122000053525,24.963279016425886
173289.4070271,18.298899987712502,11.210399999981746,0.008000002708286047,0.0,29.517299990402535,24.685017124091328
173289.4382118,35.175400000298396,11.246100009884685,0.012200005585327744,0.0,46.43370001576841,25.08886056238471
173289.4869547,18.40279999305494,12.604899995494634,0.00869997893460095,0.0,31.016399967484176,24.69571585319561
173289.5199704,33.4500000171829,10.9742000058759,0.02169999061152339,0.0,44.445900013670325,24.975484480948207
173289.5664592,18.91260000411421,11.629700020421296,0.01069999416358769,0.0,30.553000018699095,24.65774637063463
173289.5988682,34.51880000648089,11.798799998359755,0.008100003469735384,0.0,46.32570000831038,25.039317988824898
173289.6476898,17.728299979353324,11.767100018914789,0.011500000255182385,0.0,29.506899998523295,24.646734249956424
173289.678887,34.81969999847934,11.597100005019456,0.011099997209385037,0.0,46.42790000070818,25.00948067767411
173289.7272491,18.146000016713515,12.318799999775365,0.013300013961270452,0.0,30.47810003045015,24.664825574562887
173289.7594619,34.080800018273294,12.123799999244511,0.009000010322779417,0.0,46.213600027840585,25.03520784738173
173289.808074,17.369999986840412,11.545899993507192,0.008200004231184721,0.0,28.92409998457879,24.730631896461134
173289.8387248,34.704400022746995,11.473400023533031,0.010100018698722124,0.0,46.18790006497875,24.978711892806896
173289.8869551,18.425599992042407,11.305499996524304,0.008500006515532732,0.0,29.739599995082244,24.697397198848215
173289.9187608,34.59830000065267,11.664899997413158,0.0109999964479357,0.0,46.274199994513765,24.986057779402294
173289.9671924,18.16910001798533,12.982399988686666,0.010300020221620798,0.0,31.161800026893616,24.662649887747616
173290.0008478,33.45139999873936,12.69289999618195,0.008499977411702275,0.0,46.152799972333014,24.987071272964712
173290.0489586,16.61310001509264,12.543099990580231,0.011600001016631722,0.0,29.167800006689504,24.953787664833072
173290.0807886,32.978100003674626,12.294800020754337,0.008300004992634058,0.0,45.2812000294216,24.952652342098528
173290.1278601,17.581399995833635,11.726400000043213,0.012500007869675756,0.0,29.320300003746524,24.979649911768014
173290.1597904,33.560599986230955,11.801099986769259,0.01090002479031682,0.0,45.37259999779053,24.98163641531926
173290.207779,17.581899999640882,11.70460000867024,0.011099997209385037,0.0,29.297600005520508,24.982293799319407
173290.2387779,35.18030000850558,12.528599996585399,0.013199984095990658,0.0,47.72209998918697,24.999691670304387
173290.2886839,16.705399990314618,12.539699993794784,0.013399985618889332,0.0,29.25849996972829,24.965601561991857
173290.3202099,33.25730000506155,12.352399993687868,0.0137000170070678,0.0,45.62340001575649,24.9923606682002
173290.367961,17.41620001848787,12.872399995103478,0.011999974958598614,0.0,30.300599988549948,24.994636567103058
173290.4001359,33.225599996512756,11.820999992778525,0.012900010915473104,0.0,45.059500000206754,24.98913181012313
173290.4473591,18.067599972710013,13.604300009319559,0.012800010154023767,0.0,31.684699992183596,25.045068600684612
173290.4815474,32.02310000779107,12.439899990567937,0.013999990187585354,0.0,44.476999988546595,24.949406761289097
173290.5281291,17.247700016014278,12.511099979747087,0.014999997802078724,0.0,29.773799993563443,24.99783143773725
173290.5605507,32.78380000847392,12.25739999790676,0.008600007276982069,0.0,45.04980001365766,25.016763316138917
173290.6080928,17.23550001042895,11.727500008419156,0.010899995686486363,0.0,28.973900014534593,24.977817616943128
173290.6387996,34.78789998916909,11.970699997618794,0.012399978004395962,0.0,46.77099996479228,24.987760162033794
173290.6880821,17.272199998842552,12.83670001430437,0.009600014891475439,0.0,30.118500028038397,24.976534545573987
173290.720406,33.988699986366555,14.252699998905882,0.011800002539530396,0.0,48.25319998781197,24.99092829280733
173290.7707738,14.653699996415526,12.835700006689876,0.008600007276982069,0.0,27.498000010382384,24.91043453249497
173290.8000915,33.90500001842156,12.499900010880083,0.008300004992634058,0.0,46.41320003429428,24.97454053746423
173290.8483263,17.285299982177094,12.394599994877353,0.007700000423938036,0.0,29.687599977478385,24.986746613193755
173290.8804297,32.93049999047071,12.285200005862862,0.01270000939257443,0.0,45.228400005726144,24.967901681717755
173290.927573,17.7972000092268,12.737799988826737,0.012800010154023767,0.0,30.54780000820756,24.993253904130604
173290.9605909,32.73930001887493,12.071900011505932,0.01069999416358769,0.0,44.82190002454445,24.976501274576812
173291.0072076,18.12170000630431,13.341999991098419,0.007599999662488699,0.0,31.471299997065216,25.018063041684755
173291.0409976,32.84010000061244,12.99519999884069,0.012400007108226418,0.0,45.847700006561354,24.952739511342998
173291.0895732,15.824400004930794,13.766899995971471,0.01209997572004795,0.0,29.603399976622313,24.945574991533082
173291.1218181,31.505599996307865,12.325000017881393,0.012300006346777081,0.0,43.842900020536035,24.936468113793982
173291.1675748,17.80599998892285,13.929300010204315,0.009399984264746308,0.0,31.74469998339191,24.992035871570135
173291.2019066,31.466999993426725,12.55360001232475,0.012300006346777081,0.0,44.03290001209825,24.977961112060136
173291.2484925,16.92610001191497,13.617700024042279,0.009499985026195645,0.0,30.553300020983443,25.009714190151616
173291.2814407,31.892200000584126,12.222199991811067,0.011800002539530396,0.0,44.12619999493472,24.98642196185936
173291.3274626,17.896700010169297,13.908699998864904,0.013699987903237343,0.0,31.81909999693744,25.008283994436297
173291.3613262,32.24080000654794,12.993500014999881,0.014100020052865148,0.0,45.24840004160069,24.96804506352968
173291.4089371,16.69940000283532,13.138000009348616,0.010399991879239678,0.0,29.847800004063174,24.97589617862306
173291.4407284,32.904299994697794,12.403599976096302,0.01300001167692244,0.0,45.32089998247102,24.95943052580645
173291.4890553,16.37450000271201,12.270500010345131,0.008200004231184721,0.0,28.653200017288327,24.992264894275788
173291.5195032,34.65210000285879,13.495499995769933,0.011299998732283711,0.0,48.158899997361004,25.014731592647617
173291.5701717,15.13600000180304,15.104699996300042,0.010599993402138352,0.0,30.25129999150522,24.954028441231323
173291.603017,30.327900021802634,12.614899984328076,0.011199997970834374,0.0,42.954000004101545,24.940120848676916
173291.6478937,17.44300001882948,14.82350000878796,0.007700000423938036,0.0,32.27420002804138,24.988867459989926
173291.6825606,31.360299995867535,13.02790001500398,0.01409999094903469,0.0,44.40230000182055,24.978909474412106
173291.7285667,16.830399981699884,12.434000003850088,0.008800008799880743,0.0,29.273199994349852,24.990886656732417
173291.760195,33.75559998676181,13.707099977182224,0.011299998732283711,0.0,47.47399996267632,25.00741261368421
173291.8103534,15.044500003568828,13.831799995386973,0.009200011845678091,0.0,28.88550001080148,24.952992720036008
173291.8423727,31.040400004712865,12.776999996276572,0.010599993402138352,0.0,43.827999994391575,24.92578140916683
173291.8889192,16.477700002724305,16.50629998766817,0.008799979696050286,0.0,32.99279997008853,24.982572574104697
173291.9236893,29.65740000945516,12.9878000007011,0.01200000406242907,0.0,42.65720001421869,24.931784560147644
173291.9682186,17.181400005938485,15.704099991125986,0.007499998901039362,0.0,32.89299999596551,25.053346926796976
173292.0037524,29.915899998741224,13.727900019148365,0.008100003469735384,0.0,43.651900021359324,24.923963219083294
173292.0492272,16.21780000277795,12.96560000628233,0.008300004992634058,0.0,29.191700014052913,24.981245330005322
173292.0802836,33.77800001180731,13.897800003178418,0.010799994925037026,0.0,47.68660000991076,25.00304412051521
173292.1305771,14.910300000337884,15.703000011853874,0.000800006091594696,0.0,30.614100018283352,24.93757086923678
173292.1631928,30.573199997888878,13.171799975680187,0.013300013961270452,0.0,43.758299987530336,24.945911028327945
173292.2091147,16.516600007889792,15.277300000889227,0.007000024197623134,0.0,31.800900032976642,24.960331792481842
173292.2430867,30.828300019493327,13.977199996588752,0.008300004992634058,0.0,44.81380002107471,24.956552721439586
173292.2905236,14.87539999652654,12.617000000318512,0.007399998139590025,0.0,27.49979999498464,24.980215669156674
173292.3200399,33.54659999604337,6.135600007837638,0.0014999823179095984,0.0,39.68369998619892,25.037100810450166
173292.3628849,23.578000022098422,15.097800001967698,0.010399991879239678,0.0,38.68620001594536,25.098089608485875
173292.4042052,30.104200006462634,13.620499987155199,0.012699980288743973,0.0,43.73739997390658,24.952204053264683
173292.4499628,15.633000002708286,16.657000000122935,0.009100011084228754,0.0,32.29910001391545,24.96940623496366
173292.4841753,29.37860001111403,13.247499999124557,0.013400014722719789,0.0,42.63950002496131,24.943158698604375
173292.5294135,16.191300004720688,16.398999985540286,0.013400014722719789,0.0,32.60370000498369,24.959422219437002
173292.5646156,28.87489998829551,13.236300001153722,0.01279998105019331,0.0,42.123999970499426,24.931658170276144
173292.6093832,15.98050000029616,15.013800002634525,0.013299984857439995,0.0,31.007599987788126,24.990709703598572
173292.6429907,30.49419997842051,13.173799990909174,0.014199991710484028,0.0,43.68219996104017,24.952957436816693
173292.6892105,16.12569999997504,14.52419999986887,0.012499978765845299,0.0,30.662399978609756,24.996767084787166
173292.7219304,31.496899988269433,13.176200009183958,0.014999997802078724,0.0,44.68809999525547,24.949535406123086
173292.768381,16.988899995340034,14.78500000666827,0.011500000255182385,0.0,31.785400002263486,25.03736200351315
173292.8030681,30.299799982458353,13.269999995827675,0.014399993233382702,0.0,43.58419997151941,24.998935461531776
173292.8494507,15.913200011709705,14.95819998672232,0.012499978765845299,0.0,30.88389997719787,24.96760453265804
173292.8830012,31.019699992612004,14.242200006265193,0.012299977242946625,0.0,45.274199976120144,24.99082420197135
173292.9302134,15.133900014916435,13.915399991674349,0.0137000170070678,0.0,29.06300002359785,24.965740762704968
173292.9615854,31.804900005226955,14.692099997773767,0.013900018529966474,0.0,46.51090002153069,24.97106685770165
173293.0100562,15.342200000304729,15.267100010532886,0.013399985618889332,0.0,30.622699996456504,25.00619320073258
173293.0425429,30.894700001226738,12.961500004166737,0.012900010915473104,0.0,43.86910001630895,24.99645466955528
173293.0885987,16.8102000025101,16.173600015463307,0.012400007108226418,0.0,32.996200025081635,25.006678866815626
173293.1240921,29.305400006705895,13.240700005553663,0.014599994756281376,0.0,42.56070000701584,24.991611148715048
173293.1686429,16.726600006222725,14.431899995543063,0.015600002370774746,0.0,31.174100004136562,24.991163540842564
173293.2021704,31.183699989924207,13.277599995490164,0.015300000086426735,0.0,44.4765999855008,25.03300184045721
173293.2490516,16.29450000473298,15.261299995472655,0.014299992471933365,0.0,31.57009999267757,25.003658869076872
173293.282603,30.87640000740066,13.71659999131225,0.014199991710484028,0.0,44.607199990423396,24.951772382474665
173293.3291337,16.19080000091344,15.037200006190687,0.012300006346777081,0.0,31.240300013450906,25.030107047238786
173293.3625367,30.843199987430125,13.34909998695366,0.014599994756281376,0.0,44.20689996914007,25.013676227633223
173293.408675,16.65920001687482,15.212400001473725,0.013899989426136017,0.0,31.88550000777468,25.009163774207657
173293.4430507,30.289099988294765,13.619899982586503,0.014199991710484028,0.0,43.92319996259175,25.000750022512047
173293.4889508,16.39710000017658,15.01459997962229,0.014100020052865148,0.0,31.425799999851733,25.032809669264076
173293.5232056,30.379300005733967,13.720199989620596,0.014300021575763822,0.0,44.11380001693033,24.934221445582644
173293.5692577,16.083599999547005,14.155499986372888,0.0137000170070678,0.0,30.25280000292696,24.86793468834556
173293.6016779,31.72100000665523,13.479199988069013,0.012500007869675756,0.0,45.21270000259392,25.05276320693626
173293.6486359,16.707400005543604,16.257999988738447,0.007599999662488699,0.0,32.97299999394454,25.027674350767377
173293.6838928,29.917599982582033,14.137799997115508,0.012400007108226418,0.0,44.06779998680577,25.005886802221482
173293.730618,14.843699987977743,16.664099995978177,0.00790000194683671,0.0,31.515699985902756,24.974931412270422
173293.7644869,29.274300002725795,13.982100004795939,0.01090002479031682,0.0,43.26730003231205,25.00268153715343
173293.8100942,15.227500000037253,13.338500022655353,0.01069999416358769,0.0,28.576700016856194,24.98519627156035
173293.8406887,32.925000006798655,14.04119998915121,0.008700008038431406,0.0,46.974900003988296,25.04805051015384
173293.8900845,15.20570000866428,13.110300002153963,0.00899998121894896,0.0,28.324999992037192,24.981804918710658
173293.9206883,33.222499972907826,13.719199982006103,0.00790000194683671,0.0,46.949599956860766,25.02590389637259
173293.9694534,15.866100002313033,13.453999999910593,0.007800001185387373,0.0,29.327900003409013,24.977678281524735
173294.0005754,33.240700024180114,14.12569999229163,0.008700008038431406,0.0,47.375100024510175,25.052039349206037
173294.0503426,14.979700004914775,13.90049999463372,0.010399991879239678,0.0,28.890599991427734,24.981432550408634
173294.0817926,31.593399995472282,14.158699981635436,0.013699987903237343,0.0,45.765799965010956,25.02520455234231
173294.1297705,15.605399996275082,14.585400000214577,0.013200013199821115,0.0,30.20400000968948,25.00923048983595
173294.1618649,31.515799986664206,15.258200000971556,0.012900010915473104,0.0,46.786899998551235,24.994178438952986
173294.2110673,14.282299991464242,14.204400009475648,0.012200005585327744,0.0,28.49890000652522,24.978953150430034
173294.2421867,31.28550000838004,14.836999995168298,0.012500007869675756,0.0,46.135000011418015,25.007423036612682
173294.2902614,15.07379999384284,15.885400003753603,0.01270000939257443,0.0,30.971900006989017,24.965408346638927
173294.3239335,29.499799973564222,13.4558999852743,0.011500000255182385,0.0,42.967199959093705,25.0033046034826
173294.3695254,15.81480001914315,15.212500002235174,0.013399985618889332,0.0,31.040700006997213,24.98162809476867
173294.4035919,29.84699999797158,13.94190001883544,0.009099981980398297,0.0,43.79799999878742,24.97042045651882
173294.4494671,32.52969999448396,14.074500009883195,0.00890000956133008,0.0,46.61310001392849,24.991346746123636
173294.4977829,15.542400011327118,13.53749999543652,0.012399978004395962,0.0,29.092299984768033,24.687702619206963
173294.5286665,32.68750000279397,13.359999982640147,0.009000010322779417,0.0,46.056499995756894,25.00973712421996
173294.5769005,16.42780000111088,13.634400005685166,0.009599985787644982,0.0,30.071799992583692,24.704293721873153
173294.6089214,16.418800019891933,16.52589999139309,0.009500014130026102,0.0,32.95420002541505,24.994867720575865
173294.6442292,29.092200013110414,10.166300024138764,0.007700000423938036,0.0,39.266200037673116,24.975472005362942
173294.6860391,19.27300001261756,13.597900018794462,0.012400007108226418,0.0,32.88330003852025,25.060807962359412
173294.7214944,31.937899999320507,13.873399992007762,0.008799979696050286,0.0,45.82009997102432,25.035700909682205
173294.7692823,16.029099992010742,13.677500013727695,0.011900003300979733,0.0,29.718500009039417,24.999487510605377
173294.8009397,32.39340000436641,13.962800003355369,0.00890000956133008,0.0,46.36510001728311,25.015388633081066
173294.8491624,32.26330000325106,14.261200005421415,0.01270000939257443,0.0,46.53720001806505,24.98903606033807
173294.8979538,15.418599999975413,22.678599983919412,0.009499985026195645,0.0,38.10669996892102,24.710455240593955
173294.9382777,23.024699999950826,17.96900000772439,0.012900010915473104,0.0,41.00660001859069,24.841435049703524
173294.981228,12.068199983332306,22.839399985969067,0.012500007869675756,0.0,34.92009997717105,24.65602583854954
173295.0181006,23.106700013158843,19.341799983521923,0.013899989426136017,0.0,42.4623999861069,24.834305513535124
173295.0624531,10.927100025583059,22.868799977004528,0.011199997970834374,0.0,33.80710000055842,24.554652271944143
173295.0979713,23.343100008787587,11.800000007497147,0.012999982573091984,0.0,35.156099998857826,24.836764504251015
173295.1353686,17.938799981493503,13.387100014369935,0.013900018529966474,0.0,31.339800014393404,24.69785671162213
173295.1689486,32.37800000351854,11.889999994309619,0.010600022505968809,0.0,44.278600020334125,25.010521092340454
173295.2164096,16.879600007086992,12.598899978911504,0.00999998883344233,0.0,29.48849997483194,24.67441695578574
173295.2481905,33.584300021175295,12.902399990707636,0.012400007108226418,0.0,46.49910001899116,25.044915970115895
173295.2973067,16.01760002085939,13.355000002775341,0.013399985618889332,0.0,29.38600000925362,24.680914848888584
173295.3286318,32.93180000036955,12.38030000240542,0.00990001717582345,0.0,45.32200001995079,25.023745449435204
173295.3758512,17.46669999556616,12.373400008073077,0.013299984857439995,0.0,29.853399988496676,24.71197574490084
173295.4076201,33.893999992869794,12.447199987946078,0.010100018698722124,0.0,46.351299999514595,25.07202356605874
173295.4561332,17.229099990800023,11.98179999482818,0.011600001016631722,0.0,29.222499986644834,24.712785942230315
173295.4875673,33.761999977286905,11.939199990592897,0.01200000406242907,0.0,45.71319997194223,25.056253376524943
173295.535068,18.28170000226237,14.118900027824566,0.014100020052865148,0.0,32.4147000501398,24.770163842521647
173295.5697628,31.585299992002547,11.96550001623109,0.012300006346777081,0.0,43.563100014580414,24.995055144613854
173295.6160355,17.279499996220693,14.372000005096197,0.014299992471933365,0.0,31.665799993788823,24.743418992824367
173295.6501894,31.129499984672293,11.8765999795869,0.011600001016631722,0.0,43.017699965275824,24.98496113524835
173295.6958843,17.421700002159923,13.653999980306253,0.013800017768517137,0.0,31.089500000234693,25.03961684732509
173295.7292966,32.38349998719059,12.906699994346127,0.008400005754083395,0.0,45.2985999872908,24.986879805707897
173295.7770009,16.293600026983768,12.310799997067079,0.007399998139590025,0.0,28.611800022190437,24.997908507916602
173295.8072878,34.78250000625849,12.998799997149035,0.006599992047995329,0.0,47.78789999545552,25.0340797272032
173295.8573328,16.171099996427074,12.34630000544712,0.007499998901039362,0.0,28.524900000775233,24.7299571118252
173295.8875968,33.873300009872764,12.267899990547448,0.00790000194683671,0.0,46.14910000236705,24.96758998759741
173295.9357363,17.65620001242496,12.368800002150238,0.00790000194683671,0.0,30.032900016522035,24.706773831748915
173295.9685618,33.50550000322983,13.15230000182055,0.012300006346777081,0.0,46.67010001139715,25.015019434649776
173296.0170881,16.679399996064603,17.5675000064075,0.011999974958598614,0.0,34.2588999774307,24.668042157088014
173296.0534678,28.268399997614324,13.368299987632781,0.013200013199821115,0.0,41.64989999844693,24.910624829983284
173296.0975543,15.867799986153841,13.749799982178956,0.014300021575763822,0.0,29.63189998990856,25.008325688501117
173296.1297018,31.69760000309907,11.976700014201924,0.013599987141788006,0.0,43.68790000444278,25.17995061560509
173296.1759933,17.44719999260269,14.092600002186373,0.013899989426136017,0.0,31.5536999842152,25.109534064464224
173296.2098953,31.871699990006164,13.098600000375882,0.013199984095990658,0.0,44.983499974478036,25.172120667710438
173296.2574471,15.882999985478818,13.311899994732812,0.012999982573091984,0.0,29.207899962784722,25.104728558896795
173296.2891138,32.21580001991242,12.552899977890775,0.013800017768517137,0.0,44.78250001557171,25.18590344984247
173296.3359553,17.35569999436848,13.40549997985363,0.014600023860111833,0.0,30.77579999808222,24.987783056461552
173296.3691831,32.35960000893101,12.054899998474866,0.009599985787644982,0.0,44.42409999319352,24.995115537988532
173296.4153118,18.091100006131455,12.42320000892505,0.007599999662488699,0.0,30.521900014718994,25.022891775383037
173296.4481321,33.89000002061948,14.40420001745224,0.016400008462369442,0.0,48.31060004653409,25.001216725807474
173296.4982569,15.203599992673844,12.33590001356788,0.006799993570894003,0.0,27.546299999812618,24.980219829263543
173296.5276492,34.400600008666515,13.634999981150031,0.006299989763647318,0.0,48.041899979580194,25.02048760907614
173296.5779741,15.452000021468848,12.296299973968416,0.01069999416358769,0.0,27.758999989600852,24.955851020001177
173296.6076965,33.74600000097416,12.67080000252463,0.008800008799880743,0.0,46.42560001229867,24.998408435033603
173296.6565983,16.716000012820587,12.201300007291138,0.006999995093792677,0.0,28.924300015205517,24.990314170681135
173296.6873151,34.20310001820326,12.411700008669868,0.00890000956133008,0.0,46.62370003643446,25.005255271503486
173296.7364258,17.06829998875037,12.613600003533065,0.008600007276982069,0.0,29.690499999560416,24.971744471346323
173296.7685551,33.61290000611916,14.140199986286461,0.008399976650252938,0.0,47.761499969055876,25.025185764387466
173296.8181073,15.220800007227808,12.293099978705868,0.010099989594891667,0.0,27.523999975528568,24.95691189134771
173296.8481595,34.065700019709766,13.035800016950816,0.011500000255182385,0.0,47.113000036915764,25.04236124132026
173296.8971389,16.40269998461008,25.081100000534207,0.014400022337213159,0.0,41.4982000074815,24.9738897978266
173296.9413147,20.04329999908805,14.317199995275587,0.013899989426136017,0.0,34.37439998378977,24.7521055999098
173296.9776245,15.696899994509295,14.812100009294227,0.014599994756281376,0.0,30.523599998559803,24.987015081433135
173297.0106046,30.851200019242242,13.740800000960007,0.013100012438371778,0.0,44.60510003264062,24.93109046644595
173297.0574614,15.843100001802668,14.44280002033338,0.012499978765845299,0.0,30.298400000901893,24.99732112039212
173297.0897823,31.573399988701567,13.76400000299327,0.013899989426136017,0.0,45.351299981120974,24.95455152291981
173297.1370833,16.246399987721816,14.607399993110448,0.015099998563528061,0.0,30.868899979395792,24.97196896434192
173297.1704013,31.09580001910217,13.781599991489202,0.013999990187585354,0.0,44.89140000077896,24.96173573885012
173297.2177519,15.566899994155392,17.282299988437444,0.013599987141788006,0.0,32.862799969734624,24.98617847889487
173297.2532441,28.226800000993535,14.582700008759275,0.012100004823878407,0.0,42.82160001457669,25.004661285685074
173297.2978314,15.482599992537871,14.968400006182492,0.013200013199821115,0.0,30.464200011920184,24.99422841614993
173297.3309151,30.415099987294525,13.594800024293363,0.01279998105019331,0.0,44.02269999263808,24.97474844818791
173297.377078,16.229000000748783,15.224600007059053,0.014299992471933365,0.0,31.46790000027977,24.977422492008433
173297.4112454,30.07939999224618,13.799000007566065,0.013899989426136017,0.0,43.89229998923838,24.97190452663996
173297.4574736,15.852800017455593,14.309000020148233,0.013400014722719789,0.0,30.175200052326545,24.99944792926249
173297.4904422,30.89129997533746,13.526000024285167,0.013100012438371778,0.0,44.430400012061,24.97235560237727
173297.5369912,16.345599986379966,14.503799990052357,0.01400001929141581,0.0,30.86339999572374,24.978437363688577
173297.5699405,31.439300015335903,13.664099999004975,0.013599987141788006,0.0,45.117000001482666,24.98423078660176
173297.6173525,15.980099997250363,14.292799984104931,0.01500002690590918,0.0,30.287900008261204,24.95755759332697
173297.6505237,30.985799996415153,14.363199996296316,0.014999997802078724,0.0,45.36399999051355,24.950274103639384
173297.6980975,15.329200017731637,14.089100004639477,0.01270000939257443,0.0,29.431000031763688,25.003321274693754
173297.7297459,31.63839998887852,14.821099990513176,0.014499993994832039,0.0,46.473999973386526,24.9563949389648
173297.7781756,15.13600000180304,17.93320002616383,0.012499978765845299,0.0,33.08170000673272,24.99580278804312
173297.8135618,27.936500002397224,14.095399994403124,0.013199984095990658,0.0,42.04509998089634,24.87840059750959
173297.8575029,15.948499989463016,17.07530001294799,0.013299984857439995,0.0,33.03709998726845,24.9811683625389
173297.8930819,28.524499997729436,13.815299986163154,0.02500001573935151,0.0,42.36479999963194,24.880432932694845
173297.9378559,15.590299997711554,16.120799991767853,0.013499986380338669,0.0,31.724599975859746,24.97024171409813
173297.9723004,29.221400007372722,13.77289998345077,0.014299992471933365,0.0,43.008599983295426,24.922215687811544
173298.0178256,15.486799995414913,14.243700017686933,0.012599979527294636,0.0,29.74309999262914,25.00587012819559
173298.0495492,31.903700000839308,14.171699993312359,0.013599987141788006,0.0,46.088999981293455,24.97108140681352
173298.097965,15.379599994048476,16.93049998721108,0.013199984095990658,0.0,32.323299965355545,24.982801423402346
173298.1325933,28.71810001670383,14.559400005964562,0.01300001167692244,0.0,43.290500034345314,25.18302603630352
173298.1780404,15.284799999790266,17.295199999352917,0.012800010154023767,0.0,32.59280000929721,24.991338418497506
173298.2135597,27.768600004492328,13.462700007949024,0.013900018529966474,0.0,41.24520003097132,24.938586651822444
173298.2572056,16.116399987367913,14.15080000879243,0.013800017768517137,0.0,30.28100001392886,25.005330302621722
173298.289442,31.8857999809552,14.781500009121373,0.012800010154023767,0.0,46.680100000230595,25.007091594168884
173298.3384709,14.929199998732656,13.839999999618158,0.011800002539530396,0.0,28.781000000890344,24.971125056065645
173298.369217,32.46039999066852,15.722999989520758,0.014699995517730713,0.0,48.19809997570701,25.024697291108474
173298.4195824,13.77729998785071,15.306099987355992,0.011699972674250603,0.0,29.095099947880954,24.961922666939664
173298.4509648,30.625299987150356,15.528099989751354,0.01479999627918005,0.0,46.16819997318089,25.047575782863795
173298.4988809,14.594799984479323,17.253700003493577,0.013199984095990658,0.0,31.86169997206889,24.978154522367742
173298.5327732,28.607700020074844,14.52860000426881,0.015199999324977398,0.0,43.15150002366863,24.9613494307983
173298.5779603,15.325299988035113,14.03089999803342,0.01409999094903469,0.0,29.370299977017567,24.981632254740553
173298.6098174,31.609700003173202,14.321900001959875,0.01559997326694429,0.0,45.94719997840002,25.0297854448071
173298.6577133,15.606500004651025,14.853400003630668,0.014100020052865148,0.0,30.474000028334558,24.995007247233747
173298.6906236,30.6884000019636,13.952399982372299,0.013499986380338669,0.0,44.65429997071624,24.99622140461585
173298.7373993,15.899799996986985,14.747199980774894,0.011500000255182385,0.0,30.658499978017062,24.99150080699629
173298.7698978,31.3861999893561,15.972799999872223,0.01379998866468668,0.0,47.37279997789301,25.000889614850358
173298.8199228,13.392900000326335,16.570499981753528,0.012400007108226418,0.0,29.97579998918809,24.946566533442915
173298.852068,29.201900004409254,14.754499978153035,0.012500007869675756,0.0,43.968899990431964,24.9678684337161
173298.8984087,14.893800020217896,15.142900025239214,0.011999974958598614,0.0,30.04870002041571,24.993518347078336
173298.9306518,30.666999984532595,14.917599997716025,0.01309998333454132,0.0,45.59769996558316,24.98114131981544
173298.9785157,14.898800000082701,15.3983999916818,0.01279998105019331,0.0,30.309999972814694,24.992916590658623
173299.0112167,30.070400011027232,13.995100016472861,0.01479999627918005,0.0,44.08030002377927,25.048951914371735
173299.0570483,16.34669999475591,17.21320001524873,0.013200013199821115,0.0,33.57310002320446,25.009474422886807
173299.0934837,27.856499975314364,14.028200006578118,0.009799987310543656,0.0,41.894499969203025,24.99163196824518
173299.1374678,15.82199998665601,14.052600017748773,0.012600008631125093,0.0,29.88720001303591,25.008088032555733
173299.1700288,31.29159999662079,13.908599998103455,0.012100004823878407,0.0,45.21229999954812,25.04741475608665
173299.2174659,15.937799995299429,18.28899999964051,0.013399985618889332,0.0,34.24019998055883,25.00749599674855
173299.2534986,27.794099994935095,13.850699993781745,0.012399978004395962,0.0,41.65719996672124,24.917990739062642
173299.2972579,16.052599996328354,15.10200000484474,0.008899980457499623,0.0,31.163499981630594,25.01473993526417
173299.3308469,30.65450000576675,13.873999996576458,0.009200011845678091,0.0,44.537700014188886,25.036436360087684
173299.3774079,15.87530001415871,13.77439999487251,0.00799997360445559,0.0,29.657699982635677,25.013184032467002
173299.4093656,32.412400003522635,14.129499992122874,0.01200000406242907,0.0,46.55389999970794,25.08768354457429
173299.457683,15.618200006429106,15.059500001370907,0.010899995686486363,0.0,30.6886000034865,24.990058122299384
173299.4909988,30.510100012179464,14.403299981495366,0.01309998333454132,0.0,44.92649997700937,24.967608689170316
173299.5377218,15.618799981893972,14.75820000632666,0.01279998105019331,0.0,30.389799969270825,25.015615998037134
173299.5709085,30.381199991097674,13.924500002758577,0.014499993994832039,0.0,44.32019998785108,24.96481001990606
173299.6174525,15.850900002988055,15.545900008874014,0.010299991117790341,0.0,31.40710000297986,25.04445181484258
173299.6505615,31.179200013866648,14.041299989912659,0.01200000406242907,0.0,45.232500007841736,25.008404908153352
173299.6978822,15.647699998226017,16.458300000522286,0.008100003469735384,0.0,32.11410000221804,25.020823580359142
173299.7317456,29.55649999785237,13.759300025412813,0.009300012607127428,0.0,43.32510003587231,25.021426681382902
173299.7769722,16.2889999919571,14.019099995493889,0.010099989594891667,0.0,30.31819997704588,25.02060238108258
173299.8091972,32.11999998893589,13.962299999548122,0.012200005585327744,0.0,46.09449999406934,25.012927514621403
173299.8571485,16.151600022567436,14.923000009730458,0.013900018529966474,0.0,31.08850005082786,25.011772207069807
173299.8908723,30.425100005231798,19.858599989674985,0.01279998105019331,0.0,50.296499975956976,24.994819823914067
173299.943895,9.382299991557375,20.63450001878664,0.013400014722719789,0.0,30.030200025066733,24.86540150958241
173299.9757394,25.579300010576844,20.084899995708838,0.013899989426136017,0.0,45.67809999571182,24.87888956574511
173300.0235081,9.80230001732707,20.140099979471415,0.014499993994832039,0.0,29.956899990793318,24.925528751214095
173300.0559316,25.380700011737645,20.58989999932237,0.014499993994832039,0.0,45.985100005054846,24.919766657804857
173300.1042628,9.039099997607991,15.689599997131154,0.01400001929141581,0.0,24.74270001403056,24.87863166861198
173300.1310773,30.214700003853068,12.693299999227747,0.015300000086426735,0.0,42.92330000316724,24.991138558953008
173300.1766018,16.708400013158098,14.364300004672259,0.013999990187585354,0.0,31.086700008017942,25.03993661244041
173300.2096168,31.683100009104237,13.712100015254691,0.014599994756281376,0.0,45.40980001911521,25.03337574772085
173300.2573454,15.988700004527345,14.19240000541322,0.012100004823878407,0.0,30.193200014764443,24.993811948645718
173300.2893557,31.94780001649633,12.960099993506446,0.01279998105019331,0.0,44.92069999105297,25.086296861579164
173300.3361306,17.190100013976917,13.199200009694323,0.008899980457499623,0.0,30.39820000412874,25.027889411710216
173300.3688195,32.46600000420585,12.933200021507218,0.00969998654909432,0.0,45.408900012262166,25.02521916460802
173300.416875,16.423299995949492,12.398399994708598,0.014200020814314485,0.0,28.835900011472404,25.012316481627817
173300.4479864,33.31969998544082,12.75220001116395,0.012100004823878407,0.0,46.08400000142865,25.115367440807105
173300.4958724,33.4595000022091,12.677899998379871,0.010599993402138352,0.0,46.14799999399111,25.028897948478335
173300.5440199,17.29639997938648,13.479399989591911,0.013100012438371778,0.0,30.788899981416762,24.72854242559599
173300.5767825,16.52420000755228,13.06040000054054,0.009600014891475439,0.0,29.594200022984296,25.01303596071114
173300.608334,32.97050000401214,13.087500003166497,0.011000025551766157,0.0,46.0690000327304,25.02151015853612
173300.6561773,17.141199990874156,12.950900010764599,0.00999998883344233,0.0,30.102099990472198,25.031408159107954
173300.6880152,33.29960000701249,14.310600003227592,0.012900010915473104,0.0,47.62310002115555,25.062313265005976
173300.7379725,15.34779998473823,13.180600013583899,0.009100011084228754,0.0,28.537500009406358,24.994778174265132
173300.7681962,33.13329999218695,12.638799991691485,0.009700015652924776,0.0,45.78179999953136,25.05663425771742
173300.8160221,33.30770001048222,12.798900017514825,0.013899989426136017,0.0,46.12050001742318,25.029835563894068
173300.864542,16.78959999117069,15.721600007964298,0.01309998333454132,0.0,32.52429998246953,24.71209381031645
173300.899745,29.743999999482185,14.27670000703074,0.010399991879239678,0.0,44.031099998392165,24.96125181690329
173300.9470355,14.253999979700893,14.16399999288842,0.008500006515532732,0.0,28.426499979104847,24.685468051858287
173300.9781185,15.181100025074556,13.547199981985614,0.009500014130026102,0.0,28.737800021190196,24.976141540606303
173301.0092425,32.0415000023786,14.401799999177456,0.012500007869675756,0.0,46.45580000942573,24.999056285472477
173301.0586662,30.651899985969067,13.105599995469674,0.013200013199821115,0.0,43.77069999463856,24.968421189616002
173301.1044368,16.849699983140454,13.972700020531192,0.009899988071992993,0.0,30.83229999174364,24.72056491416726
173301.1381497,31.185299973003566,12.769399996614084,0.008600007276982069,0.0,43.96329997689463,25.12026957048642
173301.1845467,16.747599991504103,12.64699999592267,0.01270000939257443,0.0,29.407299996819347,24.817851447054437
173301.2169337,32.34689999953844,12.921999994432554,0.012300006346777081,0.0,45.28120000031777,25.137721195600864
173301.2641709,17.121100012445822,13.856899982783943,0.012699980288743973,0.0,30.99069997551851,24.829518457706182
173301.2979973,31.30180001608096,13.141000003088266,0.01379998866468668,0.0,44.45660000783391,25.13121636396165
173301.3443876,16.996499995002523,15.01020000432618,0.014199991710484028,0.0,32.02089999103919,24.72574410696392
173301.3783407,31.022899987874553,13.93760001519695,0.010099989594891667,0.0,44.97059999266639,24.9638253365555
173301.4261751,15.11519998894073,12.905799987493083,0.015300000086426735,0.0,28.03629997652024,24.659730651873083
173301.4568348,32.50329999718815,12.738999997964129,0.013200013199821115,0.0,45.2555000083521,25.010642028297866
173301.5044203,16.87099999981001,13.71949998429045,0.013400014722719789,0.0,30.60389999882318,24.690045286018936
173301.5375797,31.740799982799217,13.527400005841628,0.011600001016631722,0.0,45.27979998965748,24.969846828812106
173301.5853965,15.89170002262108,13.87809999869205,0.012599979527294636,0.0,29.782400000840425,24.659351606729423
173301.6184717,30.86639998946339,14.105999987805262,0.012200005585327744,0.0,44.98459998285398,24.966779619062365
173301.6657181,15.572599979350343,13.619599980302155,0.013399985618889332,0.0,29.205599945271388,24.635968661720838
173301.6974472,31.887500023003668,12.55809998838231,0.011800002539530396,0.0,44.45740001392551,24.96723466605895
173301.7442363,17.075200012186542,13.835999998264015,0.013400014722719789,0.0,30.924600025173277,24.995492479512453
173301.7777913,31.50749998167157,14.290300023276359,0.014499993994832039,0.0,45.81229999894276,24.979000986301617
173301.825349,15.940900018904358,12.599900015629828,0.01270000939257443,0.0,28.55350004392676,24.65047678126471
173301.8561945,33.10400000191294,14.110199990682304,0.013400014722719789,0.0,47.22760000731796,24.999641671863294
173301.9069167,14.370799995958805,13.807600014843047,0.01309998333454132,0.0,28.191499994136393,24.612325113672867
173302.0111933,0.11510000331327319,23.182000004453585,0.012500007869675756,0.0,23.309600015636533,23.562291788256246
173302.0547336,0.08800000068731606,18.86680000461638,0.010899995686486363,0.0,18.965700000990182,23.318404890336193
173302.0760118,5.264700012048706,15.28870000038296,0.014199991710484028,0.0,20.56760000414215,23.809718444729928
173302.0985414,30.756799998926,18.21760000893846,0.011500000255182385,0.0,48.98590000811964,24.311194965078847
173302.1493727,11.896100011654198,14.14350001141429,0.009299983503296971,0.0,26.048900006571785,24.007150289869045
173302.1771216,32.17590000713244,16.56879999791272,0.010299991117790341,0.0,48.75499999616295,24.38853670493517
173302.2279366,13.394599984167144,14.478700002655387,0.013899989426136017,0.0,27.887199976248667,24.003492988629922
173302.2589167,30.520000000251457,16.14200000767596,0.01309998333454132,0.0,46.67509999126196,24.006256990956103
173302.3075678,13.75830001779832,15.763800009153783,0.013400014722719789,0.0,29.535500041674823,24.021107828081313
173302.3392628,30.088900006376207,13.658300013048574,0.013800017768517137,0.0,43.7610000371933,24.294920903838115
173302.3851313,16.166799992788583,14.241700002457947,0.0137000170070678,0.0,30.422200012253597,24.058093560079115
173302.4181804,31.113099976209924,12.670399999478832,0.013199984095990658,0.0,43.796699959784746,24.31840180757307
173302.464294,17.008299997542053,13.884899992262945,0.01270000939257443,0.0,30.905899999197572,24.0507894950168
173302.4978104,31.532299995888025,12.084699992556125,0.01300001167692244,0.0,43.63000000012107,24.31828747344489
173302.5439638,17.287700000451878,13.146000012056902,0.012599979527294636,0.0,30.446299992036074,24.077693902287372
173302.5768167,32.7668999962043,12.892500002635643,0.013200013199821115,0.0,45.672600012039766,24.342171083170403
173302.624256,17.120300006354228,12.782900012098253,0.01379998866468668,0.0,29.917000007117167,24.078683358155658
173302.6565627,32.9963999975007,11.628499982180074,0.012899981811642647,0.0,44.63779996149242,24.382560422556462
173302.7028919,18.402599991532043,14.668499992694706,0.014699995517730713,0.0,33.08579997974448,24.075943229015653
173302.7379725,31.407799979206175,13.407400023424998,0.009700015652924776,0.0,44.8249000182841,24.3200085089157
173302.785306,16.048100020270795,13.85439999285154,0.009300012607127428,0.0,29.911800025729463,24.043734591401098
173302.8182217,31.38789997319691,13.790199998766184,0.008899980457499623,0.0,45.18699995242059,24.334350076830045
173302.8659842,15.480300004128367,15.275100013241172,0.010200019460171461,0.0,30.76560003682971,24.047855231804686
173302.8992594,30.327199987368658,12.679899984505028,0.009500014130026102,0.0,43.01659998600371,24.320223408885276
173302.9443452,16.932500002440065,13.564399996539578,0.013399985618889332,0.0,30.510299984598532,24.059706567584218
173302.9780826,31.30180001608096,14.517000003252178,0.012699980288743973,0.0,45.83149999962188,24.314211583914354
173303.0269602,14.314700005343184,13.642999983858317,0.013100012438371778,0.0,27.970800001639873,24.015967736876245
173303.0572367,32.19130000798032,12.595299980603158,0.012599979527294636,0.0,44.79919996811077,24.352869177789476
173303.1043433,16.952000005403534,13.06929998099804,0.012900010915473104,0.0,30.034199997317046,24.035595756077363
173303.1371242,32.3705000046175,13.204899994889274,0.01270000939257443,0.0,45.588100008899346,24.386129982339863
173303.1845979,16.698799998266622,13.347200001589954,0.020400009816512465,0.0,30.06640000967309,25.566628935881884
173303.216618,32.66789999906905,12.163799983682111,0.011800002539530396,0.0,44.84349998529069,25.820124618159337
173303.2637712,17.520900000818074,13.634700007969514,0.014299992471933365,0.0,31.16990000125952,25.25764056264048
173303.2969714,32.32610001577996,12.51199998660013,0.009100011084228754,0.0,44.84720001346432,25.03275118240979
173303.3439038,17.41190001484938,12.999300000956282,0.009300012607127428,0.0,30.42050002841279,25.114457044768553
173303.3769354,32.69860000000335,13.846299989381805,0.011299998732283711,0.0,46.55619998811744,25.003879768262507
173303.4252232,16.090799996163696,13.233000005129725,0.012400007108226418,0.0,29.336200008401647,25.05665727791852
